{
  "properties": {
    "connectionReferences": {
      "shared_commondataserviceforapps": {
        "runtimeSource": "embedded",
        "connection": {
          "connectionReferenceLogicalName": "ya_sharedcommondataserviceforapps_93d4e"
        },
        "api": {
          "name": "shared_commondataserviceforapps"
        }
      },
      "shared_approvals": {
        "runtimeSource": "embedded",
        "connection": {
          "connectionReferenceLogicalName": "ya_sharedapprovals_c7590"
        },
        "api": {
          "name": "shared_approvals"
        }
      },
      "shared_office365users": {
        "runtimeSource": "embedded",
        "connection": {
          "connectionReferenceLogicalName": "ya_sharedoffice365users_e1a50"
        },
        "api": {
          "name": "shared_office365users"
        }
      }
    },
    "definition": {
      "$schema": "https://schema.management.azure.com/providers/Microsoft.Logic/schemas/2016-06-01/workflowdefinition.json#",
      "contentVersion": "1.0.0.0",
      "parameters": {
        "$connections": {
          "defaultValue": {},
          "type": "Object"
        },
        "$authentication": {
          "defaultValue": {},
          "type": "SecureObject"
        }
      },
      "triggers": {
        "行が追加、変更、または削除された場合": {
          "metadata": {
            "operationMetadataId": "38e59ad1-27d7-4d9d-a223-3ee9259eb693"
          },
          "type": "OpenApiConnectionWebhook",
          "inputs": {
            "host": {
              "connectionName": "shared_commondataserviceforapps",
              "operationId": "SubscribeWebhookTrigger",
              "apiId": "/providers/Microsoft.PowerApps/apis/shared_commondataserviceforapps"
            },
            "parameters": {
              "subscriptionRequest/message": 4,
              "subscriptionRequest/entityname": "ya_blogpost",
              "subscriptionRequest/scope": 4
            },
            "authentication": "@parameters('$authentication')"
          }
        }
      },
      "actions": {
        "条件": {
          "actions": {
            "Temp": {
              "actions": {
                "マイ_プロフィールの取得_(V2)": {
                  "runAfter": {},
                  "metadata": {
                    "operationMetadataId": "7efa8c9d-1f0d-46cc-83fa-845f82918810"
                  },
                  "type": "OpenApiConnection",
                  "inputs": {
                    "host": {
                      "connectionName": "shared_office365users",
                      "operationId": "MyProfile_V2",
                      "apiId": "/providers/Microsoft.PowerApps/apis/shared_office365users"
                    },
                    "parameters": {},
                    "authentication": "@parameters('$authentication')"
                  }
                },
                "変数の設定": {
                  "runAfter": {
                    "マイ_プロフィールの取得_(V2)": [
                      "Succeeded"
                    ]
                  },
                  "metadata": {
                    "operationMetadataId": "f156d710-42cb-42e6-bbd6-85e12fb8097c"
                  },
                  "type": "SetVariable",
                  "inputs": {
                    "name": "Manager",
                    "value": "@outputs('マイ_プロフィールの取得_(V2)')?['body/mail']"
                  }
                }
              },
              "runAfter": {},
              "metadata": {
                "operationMetadataId": "a8e9b431-4c19-42ad-8af3-2d42b634f03b"
              },
              "type": "Scope"
            },
            "開始して承認を待機": {
              "runAfter": {
                "Temp": [
                  "Succeeded"
                ]
              },
              "metadata": {
                "operationMetadataId": "b038e0e7-5567-4977-8873-8e48d7733be3"
              },
              "type": "OpenApiConnectionWebhook",
              "inputs": {
                "host": {
                  "connectionName": "shared_approvals",
                  "operationId": "StartAndWaitForAnApproval",
                  "apiId": "/providers/Microsoft.PowerApps/apis/shared_approvals"
                },
                "parameters": {
                  "approvalType": "BasicAwaitAll",
                  "WebhookApprovalCreationInput/title": "Blog Management",
                  "WebhookApprovalCreationInput/assignedTo": "@{variables('Manager')};",
                  "WebhookApprovalCreationInput/details": "@{triggerOutputs()?['body/ya_posttitle']}\n@{triggerOutputs()?['body/ya_metadata']}\n@{triggerOutputs()?['body/ya_content']}\n@{triggerOutputs()?['body/ya_category']}\n@{triggerOutputs()?['body/ya_tags']}",
                  "WebhookApprovalCreationInput/enableNotifications": true,
                  "WebhookApprovalCreationInput/enableReassignment": true
                },
                "authentication": "@parameters('$authentication')"
              }
            },
            "条件_2": {
              "actions": {
                "行を更新する": {
                  "runAfter": {},
                  "metadata": {
                    "operationMetadataId": "f51c297d-cda8-4c60-87f0-2c7ec7d40f12"
                  },
                  "type": "OpenApiConnection",
                  "inputs": {
                    "host": {
                      "connectionName": "shared_commondataserviceforapps",
                      "operationId": "UpdateRecord",
                      "apiId": "/providers/Microsoft.PowerApps/apis/shared_commondataserviceforapps"
                    },
                    "parameters": {
                      "entityName": "ya_blogposts",
                      "recordId": "@triggerOutputs()?['body/ya_blogpostid']",
                      "item/ya_approved": true,
                      "item/ya_status": 100000003
                    },
                    "authentication": "@parameters('$authentication')"
                  }
                }
              },
              "runAfter": {
                "開始して承認を待機": [
                  "Succeeded"
                ]
              },
              "expression": {
                "equals": [
                  "@outputs('開始して承認を待機')?['body/outcome']",
                  "Approve"
                ]
              },
              "metadata": {
                "operationMetadataId": "779ce357-921f-430d-9885-57828e3df440"
              },
              "type": "If"
            }
          },
          "runAfter": {
            "変数を初期化する": [
              "Succeeded"
            ]
          },
          "expression": {
            "equals": [
              "@triggerOutputs()?['body/ya_status']",
              "Pending"
            ]
          },
          "metadata": {
            "operationMetadataId": "acbaf30f-dd5c-4e6f-9242-9955e0b136f2"
          },
          "type": "If"
        },
        "変数を初期化する": {
          "runAfter": {},
          "metadata": {
            "operationMetadataId": "cbbc8197-ac79-4115-9153-09a0b60c3bb6"
          },
          "type": "InitializeVariable",
          "inputs": {
            "variables": [
              {
                "name": "Manager",
                "type": "string",
                "value": "manager@contoso.com"
              }
            ]
          }
        }
      }
    }
  },
  "schemaVersion": "1.0.0.0"
}